id;name;phone_number;photo_url;telegram_chat_id;join_date
1;hacking definition;Buckinghamshire;Singapore Norfolk Island Guyana;34641;2021-02-23T08:10:41
2;invoice multi-byte;Human Human synthesize;Vista;88105;2021-02-23T12:35:45
3;matrix Rustic;Factors Stream Chair;Corporate transmit;92566;2021-02-22T17:41:44
4;Regional Principal;SDD;Quality Zambian Kwacha;60252;2021-02-23T11:21:51
5;Small;upward-trending budgetary management;dot-com Supervisor Creative;3478;2021-02-22T21:31:15
6;Arkansas;Berkshire Orchestrator;brand payment;20998;2021-02-23T13:32:45
7;Gorgeous e-enable North Dakota;Developer New Mexico;Checking Account Upgradable Plastic;17551;2021-02-23T11:34:51
8;Burg Implementation Managed;Heights payment Program;SCSI Intranet;35929;2021-02-22T23:21:37
9;Product mission-critical Metal;Checking Account Secured open-source;Toys;64484;2021-02-22T20:23:57
10;Concrete Borders experiences;Strategist Health;Handcrafted Cotton Cheese Concrete Principal;6944;2021-02-23T08:16:10
